composition_id, formula                         , ANN_multi_phase, SVM_multi_phase
comp_000      , Nb0.0625Ta0.0625Ti0.1875Zr0.6875,          0.0456,          0.0000
comp_001      , Nb0.0625Ta0.0625Ti0.25Zr0.625   ,          0.0461,          0.0000
comp_002      , Nb0.0625Ta0.0625Ti0.3125Zr0.5625,          0.0464,          0.0000
comp_003      , Nb0.0625Ta0.0625Ti0.375Zr0.5    ,          0.0466,          0.0000
comp_004      , Nb0.0625Ta0.0625Ti0.4375Zr0.4375,          0.0467,          0.0000
comp_005      , Nb0.0625Ta0.0625Ti0.5Zr0.375    ,          0.0467,          0.0000
comp_006      , Nb0.0625Ta0.0625Ti0.5625Zr0.3125,          0.0466,          0.0000
comp_007      , Nb0.0625Ta0.0625Ti0.625Zr0.25   ,          0.0465,          0.0000
comp_008      , Nb0.0625Ta0.0625Ti0.6875Zr0.1875,          0.0467,          0.0000
comp_009      , Nb0.0625Ta0.125Ti0.125Zr0.6875  ,          0.0471,          0.0000
comp_010      , Nb0.0625Ta0.125Ti0.1875Zr0.625  ,          0.0476,          0.0000
comp_011      , Nb0.0625Ta0.125Ti0.25Zr0.5625   ,          0.0480,          0.0000
comp_012      , Nb0.0625Ta0.125Ti0.3125Zr0.5    ,          0.0482,          0.0000
comp_013      , Nb0.0625Ta0.125Ti0.375Zr0.4375  ,          0.0484,          0.0000
comp_014      , Nb0.0625Ta0.125Ti0.4375Zr0.375  ,          0.0484,          0.0000
comp_015      , Nb0.0625Ta0.125Ti0.5Zr0.3125    ,          0.0484,          0.0000
comp_016      , Nb0.0625Ta0.125Ti0.5625Zr0.25   ,          0.0483,          0.0000
comp_017      , Nb0.0625Ta0.125Ti0.625Zr0.1875  ,          0.0481,          0.0000
comp_018      , Nb0.0625Ta0.125Ti0.6875Zr0.125  ,          0.0480,          0.0000
comp_019      , Nb0.0625Ta0.1875Ti0.0625Zr0.6875,          0.0472,          0.0000
comp_020      , Nb0.0625Ta0.1875Ti0.125Zr0.625  ,          0.0480,          0.0000
comp_021      , Nb0.0625Ta0.1875Ti0.1875Zr0.5625,          0.0484,          0.0000
comp_022      , Nb0.0625Ta0.1875Ti0.25Zr0.5     ,          0.0487,          0.0000
comp_023      , Nb0.0625Ta0.1875Ti0.3125Zr0.4375,          0.0489,          0.0000
comp_024      , Nb0.0625Ta0.1875Ti0.375Zr0.375  ,          0.0490,          0.0000
comp_025      , Nb0.0625Ta0.1875Ti0.4375Zr0.3125,          0.0490,          0.0000
comp_026      , Nb0.0625Ta0.1875Ti0.5Zr0.25     ,          0.0490,          0.0000
comp_027      , Nb0.0625Ta0.1875Ti0.5625Zr0.1875,          0.0488,          0.0000
comp_028      , Nb0.0625Ta0.1875Ti0.625Zr0.125  ,          0.0486,          0.0000
comp_029      , Nb0.0625Ta0.1875Ti0.6875Zr0.0625,          0.0485,          0.0000
comp_030      , Nb0.0625Ta0.25Ti0.0625Zr0.625   ,          0.0475,          0.0000
comp_031      , Nb0.0625Ta0.25Ti0.125Zr0.5625   ,          0.0483,          0.0000
comp_032      , Nb0.0625Ta0.25Ti0.1875Zr0.5     ,          0.0487,          0.0000
comp_033      , Nb0.0625Ta0.25Ti0.25Zr0.4375    ,          0.0490,          0.0000
comp_034      , Nb0.0625Ta0.25Ti0.3125Zr0.375   ,          0.0491,          0.0000
comp_035      , Nb0.0625Ta0.25Ti0.375Zr0.3125   ,          0.0492,          0.0000
comp_036      , Nb0.0625Ta0.25Ti0.4375Zr0.25    ,          0.0492,          0.0000
comp_037      , Nb0.0625Ta0.25Ti0.5Zr0.1875     ,          0.0491,          0.0000
comp_038      , Nb0.0625Ta0.25Ti0.5625Zr0.125   ,          0.0489,          0.0000
comp_039      , Nb0.0625Ta0.25Ti0.625Zr0.0625   ,          0.0486,          0.0000
comp_040      , Nb0.0625Ta0.3125Ti0.0625Zr0.5625,          0.0476,          0.0000
comp_041      , Nb0.0625Ta0.3125Ti0.125Zr0.5    ,          0.0483,          0.0000
comp_042      , Nb0.0625Ta0.3125Ti0.1875Zr0.4375,          0.0487,          0.0000
comp_043      , Nb0.0625Ta0.3125Ti0.25Zr0.375   ,          0.0490,          0.0000
comp_044      , Nb0.0625Ta0.3125Ti0.3125Zr0.3125,          0.0491,          0.0000
comp_045      , Nb0.0625Ta0.3125Ti0.375Zr0.25   ,          0.0492,          0.0000
comp_046      , Nb0.0625Ta0.3125Ti0.4375Zr0.1875,          0.0491,          0.0000
comp_047      , Nb0.0625Ta0.3125Ti0.5Zr0.125    ,          0.0489,          0.0000
comp_048      , Nb0.0625Ta0.3125Ti0.5625Zr0.0625,          0.0487,          0.0000
comp_049      , Nb0.0625Ta0.375Ti0.0625Zr0.5    ,          0.0474,          0.0000
comp_050      , Nb0.0625Ta0.375Ti0.125Zr0.4375  ,          0.0482,          0.0000
comp_051      , Nb0.0625Ta0.375Ti0.1875Zr0.375  ,          0.0486,          0.0000
comp_052      , Nb0.0625Ta0.375Ti0.25Zr0.3125   ,          0.0489,          0.0000
comp_053      , Nb0.0625Ta0.375Ti0.3125Zr0.25   ,          0.0490,          0.0000
comp_054      , Nb0.0625Ta0.375Ti0.375Zr0.1875  ,          0.0490,          0.0000
comp_055      , Nb0.0625Ta0.375Ti0.4375Zr0.125  ,          0.0488,          0.0000
comp_056      , Nb0.0625Ta0.375Ti0.5Zr0.0625    ,          0.0486,          0.0000
comp_057      , Nb0.0625Ta0.4375Ti0.0625Zr0.4375,          0.0471,          0.0000
comp_058      , Nb0.0625Ta0.4375Ti0.125Zr0.375  ,          0.0479,          0.0000
comp_059      , Nb0.0625Ta0.4375Ti0.1875Zr0.3125,          0.0484,          0.0000
comp_060      , Nb0.0625Ta0.4375Ti0.25Zr0.25    ,          0.0486,          0.0000
comp_061      , Nb0.0625Ta0.4375Ti0.3125Zr0.1875,          0.0487,          0.0000
comp_062      , Nb0.0625Ta0.4375Ti0.375Zr0.125  ,          0.0486,          0.0000
comp_063      , Nb0.0625Ta0.4375Ti0.4375Zr0.0625,          0.0483,          0.0000
comp_064      , Nb0.0625Ta0.5Ti0.0625Zr0.375    ,          0.0468,          0.0000
comp_065      , Nb0.0625Ta0.5Ti0.125Zr0.3125    ,          0.0475,          0.0000
comp_066      , Nb0.0625Ta0.5Ti0.1875Zr0.25     ,          0.0480,          0.0000
comp_067      , Nb0.0625Ta0.5Ti0.25Zr0.1875     ,          0.0482,          0.0000
comp_068      , Nb0.0625Ta0.5Ti0.3125Zr0.125    ,          0.0482,          0.0000
comp_069      , Nb0.0625Ta0.5Ti0.375Zr0.0625    ,          0.0480,          0.0000
comp_070      , Nb0.0625Ta0.5625Ti0.0625Zr0.3125,          0.0466,          0.0000
comp_071      , Nb0.0625Ta0.5625Ti0.125Zr0.25   ,          0.0471,          0.0000
comp_072      , Nb0.0625Ta0.5625Ti0.1875Zr0.1875,          0.0475,          0.0000
comp_073      , Nb0.0625Ta0.5625Ti0.25Zr0.125   ,          0.0476,          0.0000
comp_074      , Nb0.0625Ta0.5625Ti0.3125Zr0.0625,          0.0475,          0.0000
comp_075      , Nb0.0625Ta0.625Ti0.0625Zr0.25   ,          0.0474,          0.0000
comp_076      , Nb0.0625Ta0.625Ti0.125Zr0.1875  ,          0.0469,          0.0000
comp_077      , Nb0.0625Ta0.625Ti0.1875Zr0.125  ,          0.0471,          0.0000
comp_078      , Nb0.0625Ta0.625Ti0.25Zr0.0625   ,          0.0473,          0.0000
comp_079      , Nb0.0625Ta0.6875Ti0.0625Zr0.1875,          0.0541,          0.0000
comp_080      , Nb0.0625Ta0.6875Ti0.125Zr0.125  ,          0.0485,          0.0000
comp_081      , Nb0.0625Ta0.6875Ti0.1875Zr0.0625,          0.0488,          0.0000
comp_082      , Nb0.125Ta0.0625Ti0.125Zr0.6875  ,          0.0454,          0.0000
comp_083      , Nb0.125Ta0.0625Ti0.1875Zr0.625  ,          0.0460,          0.0000
comp_084      , Nb0.125Ta0.0625Ti0.25Zr0.5625   ,          0.0464,          0.0000
comp_085      , Nb0.125Ta0.0625Ti0.3125Zr0.5    ,          0.0467,          0.0000
comp_086      , Nb0.125Ta0.0625Ti0.375Zr0.4375  ,          0.0469,          0.0000
comp_087      , Nb0.125Ta0.0625Ti0.4375Zr0.375  ,          0.0470,          0.0000
comp_088      , Nb0.125Ta0.0625Ti0.5Zr0.3125    ,          0.0470,          0.0000
comp_089      , Nb0.125Ta0.0625Ti0.5625Zr0.25   ,          0.0469,          0.0000
comp_090      , Nb0.125Ta0.0625Ti0.625Zr0.1875  ,          0.0468,          0.0000
comp_091      , Nb0.125Ta0.0625Ti0.6875Zr0.125  ,          0.0469,          0.0000
comp_092      , Nb0.125Ta0.125Ti0.0625Zr0.6875  ,          0.0467,          0.0000
comp_093      , Nb0.125Ta0.125Ti0.125Zr0.625    ,          0.0475,          0.0000
comp_094      , Nb0.125Ta0.125Ti0.1875Zr0.5625  ,          0.0480,          0.0000
comp_095      , Nb0.125Ta0.125Ti0.25Zr0.5       ,          0.0483,          0.0000
comp_096      , Nb0.125Ta0.125Ti0.3125Zr0.4375  ,          0.0485,          0.0000
comp_097      , Nb0.125Ta0.125Ti0.375Zr0.375    ,          0.0486,          0.0000
comp_098      , Nb0.125Ta0.125Ti0.4375Zr0.3125  ,          0.0487,          0.0000
comp_099      , Nb0.125Ta0.125Ti0.5Zr0.25       ,          0.0487,          0.0000
comp_100      , Nb0.125Ta0.125Ti0.5625Zr0.1875  ,          0.0485,          0.0000
comp_101      , Nb0.125Ta0.125Ti0.625Zr0.125    ,          0.0483,          0.0000
comp_102      , Nb0.125Ta0.125Ti0.6875Zr0.0625  ,          0.0481,          0.0000
comp_103      , Nb0.125Ta0.1875Ti0.0625Zr0.625  ,          0.0476,          0.0000
comp_104      , Nb0.125Ta0.1875Ti0.125Zr0.5625  ,          0.0483,          0.0000
comp_105      , Nb0.125Ta0.1875Ti0.1875Zr0.5    ,          0.0488,          0.0000
comp_106      , Nb0.125Ta0.1875Ti0.25Zr0.4375   ,          0.0490,          0.0000
comp_107      , Nb0.125Ta0.1875Ti0.3125Zr0.375  ,          0.0492,          0.0000
comp_108      , Nb0.125Ta0.1875Ti0.375Zr0.3125  ,          0.0492,          0.0000
comp_109      , Nb0.125Ta0.1875Ti0.4375Zr0.25   ,          0.0493,          0.0000
comp_110      , Nb0.125Ta0.1875Ti0.5Zr0.1875    ,          0.0492,          0.0000
comp_111      , Nb0.125Ta0.1875Ti0.5625Zr0.125  ,          0.0490,          0.0000
comp_112      , Nb0.125Ta0.1875Ti0.625Zr0.0625  ,          0.0487,          0.0000
comp_113      , Nb0.125Ta0.25Ti0.0625Zr0.5625   ,          0.0480,          0.0000
comp_114      , Nb0.125Ta0.25Ti0.125Zr0.5       ,          0.0487,          0.0000
comp_115      , Nb0.125Ta0.25Ti0.1875Zr0.4375   ,          0.0491,          0.0000
comp_116      , Nb0.125Ta0.25Ti0.25Zr0.375      ,          0.0493,          0.0000
comp_117      , Nb0.125Ta0.25Ti0.3125Zr0.3125   ,          0.0494,          0.0000
comp_118      , Nb0.125Ta0.25Ti0.375Zr0.25      ,          0.0495,          0.0000
comp_119      , Nb0.125Ta0.25Ti0.4375Zr0.1875   ,          0.0495,          0.0000
comp_120      , Nb0.125Ta0.25Ti0.5Zr0.125       ,          0.0493,          0.0000
comp_121      , Nb0.125Ta0.25Ti0.5625Zr0.0625   ,          0.0491,          0.0000
comp_122      , Nb0.125Ta0.3125Ti0.0625Zr0.5    ,          0.0482,          0.0000
comp_123      , Nb0.125Ta0.3125Ti0.125Zr0.4375  ,          0.0488,          0.0000
comp_124      , Nb0.125Ta0.3125Ti0.1875Zr0.375  ,          0.0492,          0.0000
comp_125      , Nb0.125Ta0.3125Ti0.25Zr0.3125   ,          0.0494,          0.0000
comp_126      , Nb0.125Ta0.3125Ti0.3125Zr0.25   ,          0.0495,          0.0000
comp_127      , Nb0.125Ta0.3125Ti0.375Zr0.1875  ,          0.0495,          0.0000
comp_128      , Nb0.125Ta0.3125Ti0.4375Zr0.125  ,          0.0494,          0.0000
comp_129      , Nb0.125Ta0.3125Ti0.5Zr0.0625    ,          0.0492,          0.0000
comp_130      , Nb0.125Ta0.375Ti0.0625Zr0.4375  ,          0.0481,          0.0000
comp_131      , Nb0.125Ta0.375Ti0.125Zr0.375    ,          0.0488,          0.0000
comp_132      , Nb0.125Ta0.375Ti0.1875Zr0.3125  ,          0.0491,          0.0000
comp_133      , Nb0.125Ta0.375Ti0.25Zr0.25      ,          0.0493,          0.0000
comp_134      , Nb0.125Ta0.375Ti0.3125Zr0.1875  ,          0.0494,          0.0000
comp_135      , Nb0.125Ta0.375Ti0.375Zr0.125    ,          0.0493,          0.0000
comp_136      , Nb0.125Ta0.375Ti0.4375Zr0.0625  ,          0.0491,          0.0000
comp_137      , Nb0.125Ta0.4375Ti0.0625Zr0.375  ,          0.0479,          0.0000
comp_138      , Nb0.125Ta0.4375Ti0.125Zr0.3125  ,          0.0486,          0.0000
comp_139      , Nb0.125Ta0.4375Ti0.1875Zr0.25   ,          0.0490,          0.0000
comp_140      , Nb0.125Ta0.4375Ti0.25Zr0.1875   ,          0.0491,          0.0000
comp_141      , Nb0.125Ta0.4375Ti0.3125Zr0.125  ,          0.0491,          0.0000
comp_142      , Nb0.125Ta0.4375Ti0.375Zr0.0625  ,          0.0490,          0.0000
comp_143      , Nb0.125Ta0.5Ti0.0625Zr0.3125    ,          0.0476,          0.0000
comp_144      , Nb0.125Ta0.5Ti0.125Zr0.25       ,          0.0483,          0.0000
comp_145      , Nb0.125Ta0.5Ti0.1875Zr0.1875    ,          0.0487,          0.0000
comp_146      , Nb0.125Ta0.5Ti0.25Zr0.125       ,          0.0488,          0.0000
comp_147      , Nb0.125Ta0.5Ti0.3125Zr0.0625    ,          0.0486,          0.0000
comp_148      , Nb0.125Ta0.5625Ti0.0625Zr0.25   ,          0.0472,          0.0000
comp_149      , Nb0.125Ta0.5625Ti0.125Zr0.1875  ,          0.0479,          0.0000
comp_150      , Nb0.125Ta0.5625Ti0.1875Zr0.125  ,          0.0482,          0.0000
comp_151      , Nb0.125Ta0.5625Ti0.25Zr0.0625   ,          0.0481,          0.0000
comp_152      , Nb0.125Ta0.625Ti0.0625Zr0.1875  ,          0.0469,          0.0000
comp_153      , Nb0.125Ta0.625Ti0.125Zr0.125    ,          0.0473,          0.0000
comp_154      , Nb0.125Ta0.625Ti0.1875Zr0.0625  ,          0.0475,          0.0000
comp_155      , Nb0.125Ta0.6875Ti0.0625Zr0.125  ,          0.0473,          0.0000
comp_156      , Nb0.125Ta0.6875Ti0.125Zr0.0625  ,          0.0472,          0.0000
comp_157      , Nb0.1875Ta0.0625Ti0.0625Zr0.6875,          0.0450,          0.0000
comp_158      , Nb0.1875Ta0.0625Ti0.125Zr0.625  ,          0.0456,          0.0000
comp_159      , Nb0.1875Ta0.0625Ti0.1875Zr0.5625,          0.0462,          0.0000
comp_160      , Nb0.1875Ta0.0625Ti0.25Zr0.5     ,          0.0467,          0.0000
comp_161      , Nb0.1875Ta0.0625Ti0.3125Zr0.4375,          0.0469,          0.0000
comp_162      , Nb0.1875Ta0.0625Ti0.375Zr0.375  ,          0.0471,          0.0000
comp_163      , Nb0.1875Ta0.0625Ti0.4375Zr0.3125,          0.0472,          0.0000
comp_164      , Nb0.1875Ta0.0625Ti0.5Zr0.25     ,          0.0471,          0.0000
comp_165      , Nb0.1875Ta0.0625Ti0.5625Zr0.1875,          0.0470,          0.0000
comp_166      , Nb0.1875Ta0.0625Ti0.625Zr0.125  ,          0.0469,          0.0000
comp_167      , Nb0.1875Ta0.0625Ti0.6875Zr0.0625,          0.0474,          0.0000
comp_168      , Nb0.1875Ta0.125Ti0.0625Zr0.625  ,          0.0468,          0.0000
comp_169      , Nb0.1875Ta0.125Ti0.125Zr0.5625  ,          0.0477,          0.0000
comp_170      , Nb0.1875Ta0.125Ti0.1875Zr0.5    ,          0.0481,          0.0000
comp_171      , Nb0.1875Ta0.125Ti0.25Zr0.4375   ,          0.0484,          0.0000
comp_172      , Nb0.1875Ta0.125Ti0.3125Zr0.375  ,          0.0486,          0.0000
comp_173      , Nb0.1875Ta0.125Ti0.375Zr0.3125  ,          0.0488,          0.0000
comp_174      , Nb0.1875Ta0.125Ti0.4375Zr0.25   ,          0.0488,          0.0000
comp_175      , Nb0.1875Ta0.125Ti0.5Zr0.1875    ,          0.0487,          0.0000
comp_176      , Nb0.1875Ta0.125Ti0.5625Zr0.125  ,          0.0486,          0.0000
comp_177      , Nb0.1875Ta0.125Ti0.625Zr0.0625  ,          0.0482,          0.0000
comp_178      , Nb0.1875Ta0.1875Ti0.0625Zr0.5625,          0.0478,          0.0000
comp_179      , Nb0.1875Ta0.1875Ti0.125Zr0.5    ,          0.0485,          0.0000
comp_180      , Nb0.1875Ta0.1875Ti0.1875Zr0.4375,          0.0489,          0.0000
comp_181      , Nb0.1875Ta0.1875Ti0.25Zr0.375   ,          0.0491,          0.0000
comp_182      , Nb0.1875Ta0.1875Ti0.3125Zr0.3125,          0.0493,          0.0000
comp_183      , Nb0.1875Ta0.1875Ti0.375Zr0.25   ,          0.0494,          0.0000
comp_184      , Nb0.1875Ta0.1875Ti0.4375Zr0.1875,          0.0494,          0.0000
comp_185      , Nb0.1875Ta0.1875Ti0.5Zr0.125    ,          0.0493,          0.0000
comp_186      , Nb0.1875Ta0.1875Ti0.5625Zr0.0625,          0.0490,          0.0000
comp_187      , Nb0.1875Ta0.25Ti0.0625Zr0.5     ,          0.0483,          0.0000
comp_188      , Nb0.1875Ta0.25Ti0.125Zr0.4375   ,          0.0489,          0.0000
comp_189      , Nb0.1875Ta0.25Ti0.1875Zr0.375   ,          0.0492,          0.0000
comp_190      , Nb0.1875Ta0.25Ti0.25Zr0.3125    ,          0.0494,          0.0000
comp_191      , Nb0.1875Ta0.25Ti0.3125Zr0.25    ,          0.0496,          0.0000
comp_192      , Nb0.1875Ta0.25Ti0.375Zr0.1875   ,          0.0496,          0.0000
comp_193      , Nb0.1875Ta0.25Ti0.4375Zr0.125   ,          0.0496,          0.0000
comp_194      , Nb0.1875Ta0.25Ti0.5Zr0.0625     ,          0.0494,          0.0000
comp_195      , Nb0.1875Ta0.3125Ti0.0625Zr0.4375,          0.0485,          0.0000
comp_196      , Nb0.1875Ta0.3125Ti0.125Zr0.375  ,          0.0491,          0.0000
comp_197      , Nb0.1875Ta0.3125Ti0.1875Zr0.3125,          0.0494,          0.0000
comp_198      , Nb0.1875Ta0.3125Ti0.25Zr0.25    ,          0.0496,          0.0000
comp_199      , Nb0.1875Ta0.3125Ti0.3125Zr0.1875,          0.0496,          0.0000
comp_200      , Nb0.1875Ta0.3125Ti0.375Zr0.125  ,          0.0496,          0.0000
comp_201      , Nb0.1875Ta0.3125Ti0.4375Zr0.0625,          0.0495,          0.0000
comp_202      , Nb0.1875Ta0.375Ti0.0625Zr0.375  ,          0.0485,          0.0000
comp_203      , Nb0.1875Ta0.375Ti0.125Zr0.3125  ,          0.0491,          0.0000
comp_204      , Nb0.1875Ta0.375Ti0.1875Zr0.25   ,          0.0494,          0.0000
comp_205      , Nb0.1875Ta0.375Ti0.25Zr0.1875   ,          0.0495,          0.0000
comp_206      , Nb0.1875Ta0.375Ti0.3125Zr0.125  ,          0.0496,          0.0000
comp_207      , Nb0.1875Ta0.375Ti0.375Zr0.0625  ,          0.0494,          0.0000
comp_208      , Nb0.1875Ta0.4375Ti0.0625Zr0.3125,          0.0484,          0.0000
comp_209      , Nb0.1875Ta0.4375Ti0.125Zr0.25   ,          0.0490,          0.0000
comp_210      , Nb0.1875Ta0.4375Ti0.1875Zr0.1875,          0.0493,          0.0000
comp_211      , Nb0.1875Ta0.4375Ti0.25Zr0.125   ,          0.0494,          0.0000
comp_212      , Nb0.1875Ta0.4375Ti0.3125Zr0.0625,          0.0493,          0.0000
comp_213      , Nb0.1875Ta0.5Ti0.0625Zr0.25     ,          0.0481,          0.0000
comp_214      , Nb0.1875Ta0.5Ti0.125Zr0.1875    ,          0.0487,          0.0000
comp_215      , Nb0.1875Ta0.5Ti0.1875Zr0.125    ,          0.0490,          0.0000
comp_216      , Nb0.1875Ta0.5Ti0.25Zr0.0625     ,          0.0490,          0.0000
comp_217      , Nb0.1875Ta0.5625Ti0.0625Zr0.1875,          0.0477,          0.0000
comp_218      , Nb0.1875Ta0.5625Ti0.125Zr0.125  ,          0.0483,          0.0000
comp_219      , Nb0.1875Ta0.5625Ti0.1875Zr0.0625,          0.0485,          0.0000
comp_220      , Nb0.1875Ta0.625Ti0.0625Zr0.125  ,          0.0473,          0.0000
comp_221      , Nb0.1875Ta0.625Ti0.125Zr0.0625  ,          0.0478,          0.0000
comp_222      , Nb0.1875Ta0.6875Ti0.0625Zr0.0625,          0.0471,          0.0000
comp_223      , Nb0.25Ta0.0625Ti0.0625Zr0.625   ,          0.0451,          0.0000
comp_224      , Nb0.25Ta0.0625Ti0.125Zr0.5625   ,          0.0457,          0.0000
comp_225      , Nb0.25Ta0.0625Ti0.1875Zr0.5     ,          0.0463,          0.0000
comp_226      , Nb0.25Ta0.0625Ti0.25Zr0.4375    ,          0.0467,          0.0000
comp_227      , Nb0.25Ta0.0625Ti0.3125Zr0.375   ,          0.0470,          0.0000
comp_228      , Nb0.25Ta0.0625Ti0.375Zr0.3125   ,          0.0471,          0.0000
comp_229      , Nb0.25Ta0.0625Ti0.4375Zr0.25    ,          0.0472,          0.0000
comp_230      , Nb0.25Ta0.0625Ti0.5Zr0.1875     ,          0.0471,          0.0000
comp_231      , Nb0.25Ta0.0625Ti0.5625Zr0.125   ,          0.0469,          0.0000
comp_232      , Nb0.25Ta0.0625Ti0.625Zr0.0625   ,          0.0470,          0.0000
comp_233      , Nb0.25Ta0.125Ti0.0625Zr0.5625   ,          0.0469,          0.0000
comp_234      , Nb0.25Ta0.125Ti0.125Zr0.5       ,          0.0477,          0.0000
comp_235      , Nb0.25Ta0.125Ti0.1875Zr0.4375   ,          0.0482,          0.0000
comp_236      , Nb0.25Ta0.125Ti0.25Zr0.375      ,          0.0485,          0.0000
comp_237      , Nb0.25Ta0.125Ti0.3125Zr0.3125   ,          0.0487,          0.0000
comp_238      , Nb0.25Ta0.125Ti0.375Zr0.25      ,          0.0488,          0.0000
comp_239      , Nb0.25Ta0.125Ti0.4375Zr0.1875   ,          0.0488,          0.0000
comp_240      , Nb0.25Ta0.125Ti0.5Zr0.125       ,          0.0487,          0.0000
comp_241      , Nb0.25Ta0.125Ti0.5625Zr0.0625   ,          0.0484,          0.0000
comp_242      , Nb0.25Ta0.1875Ti0.0625Zr0.5     ,          0.0480,          0.0000
comp_243      , Nb0.25Ta0.1875Ti0.125Zr0.4375   ,          0.0486,          0.0000
comp_244      , Nb0.25Ta0.1875Ti0.1875Zr0.375   ,          0.0490,          0.0000
comp_245      , Nb0.25Ta0.1875Ti0.25Zr0.3125    ,          0.0492,          0.0000
comp_246      , Nb0.25Ta0.1875Ti0.3125Zr0.25    ,          0.0494,          0.0000
comp_247      , Nb0.25Ta0.1875Ti0.375Zr0.1875   ,          0.0494,          0.0000
comp_248      , Nb0.25Ta0.1875Ti0.4375Zr0.125   ,          0.0494,          0.0000
comp_249      , Nb0.25Ta0.1875Ti0.5Zr0.0625     ,          0.0492,          0.0000
comp_250      , Nb0.25Ta0.25Ti0.0625Zr0.4375    ,          0.0485,          0.0000
comp_251      , Nb0.25Ta0.25Ti0.125Zr0.375      ,          0.0490,          0.0000
comp_252      , Nb0.25Ta0.25Ti0.1875Zr0.3125    ,          0.0493,          0.0000
comp_253      , Nb0.25Ta0.25Ti0.25Zr0.25        ,          0.0495,          0.0000
comp_254      , Nb0.25Ta0.25Ti0.3125Zr0.1875    ,          0.0496,          0.0000
comp_255      , Nb0.25Ta0.25Ti0.375Zr0.125      ,          0.0496,          0.0000
comp_256      , Nb0.25Ta0.25Ti0.4375Zr0.0625    ,          0.0495,          0.0000
comp_257      , Nb0.25Ta0.3125Ti0.0625Zr0.375   ,          0.0487,          0.0000
comp_258      , Nb0.25Ta0.3125Ti0.125Zr0.3125   ,          0.0492,          0.0000
comp_259      , Nb0.25Ta0.3125Ti0.1875Zr0.25    ,          0.0495,          0.0000
comp_260      , Nb0.25Ta0.3125Ti0.25Zr0.1875    ,          0.0496,          0.0000
comp_261      , Nb0.25Ta0.3125Ti0.3125Zr0.125   ,          0.0497,          0.0000
comp_262      , Nb0.25Ta0.3125Ti0.375Zr0.0625   ,          0.0496,          0.0000
comp_263      , Nb0.25Ta0.375Ti0.0625Zr0.3125   ,          0.0487,          0.0000
comp_264      , Nb0.25Ta0.375Ti0.125Zr0.25      ,          0.0493,          0.0000
comp_265      , Nb0.25Ta0.375Ti0.1875Zr0.1875   ,          0.0495,          0.0000
comp_266      , Nb0.25Ta0.375Ti0.25Zr0.125      ,          0.0496,          0.0000
comp_267      , Nb0.25Ta0.375Ti0.3125Zr0.0625   ,          0.0496,          0.0000
comp_268      , Nb0.25Ta0.4375Ti0.0625Zr0.25    ,          0.0486,          0.0000
comp_269      , Nb0.25Ta0.4375Ti0.125Zr0.1875   ,          0.0492,          0.0000
comp_270      , Nb0.25Ta0.4375Ti0.1875Zr0.125   ,          0.0494,          0.0000
comp_271      , Nb0.25Ta0.4375Ti0.25Zr0.0625    ,          0.0494,          0.0000
comp_272      , Nb0.25Ta0.5Ti0.0625Zr0.1875     ,          0.0484,          0.0000
comp_273      , Nb0.25Ta0.5Ti0.125Zr0.125       ,          0.0490,          0.0000
comp_274      , Nb0.25Ta0.5Ti0.1875Zr0.0625     ,          0.0491,          0.0000
comp_275      , Nb0.25Ta0.5625Ti0.0625Zr0.125   ,          0.0481,          0.0000
comp_276      , Nb0.25Ta0.5625Ti0.125Zr0.0625   ,          0.0486,          0.0000
comp_277      , Nb0.25Ta0.625Ti0.0625Zr0.0625   ,          0.0477,          0.0000
comp_278      , Nb0.3125Ta0.0625Ti0.0625Zr0.5625,          0.0451,          0.0000
comp_279      , Nb0.3125Ta0.0625Ti0.125Zr0.5    ,          0.0458,          0.0000
comp_280      , Nb0.3125Ta0.0625Ti0.1875Zr0.4375,          0.0463,          0.0000
comp_281      , Nb0.3125Ta0.0625Ti0.25Zr0.375   ,          0.0467,          0.0000
comp_282      , Nb0.3125Ta0.0625Ti0.3125Zr0.3125,          0.0470,          0.0000
comp_283      , Nb0.3125Ta0.0625Ti0.375Zr0.25   ,          0.0471,          0.0000
comp_284      , Nb0.3125Ta0.0625Ti0.4375Zr0.1875,          0.0471,          0.0000
comp_285      , Nb0.3125Ta0.0625Ti0.5Zr0.125    ,          0.0470,          0.0000
comp_286      , Nb0.3125Ta0.0625Ti0.5625Zr0.0625,          0.0469,          0.0000
comp_287      , Nb0.3125Ta0.125Ti0.0625Zr0.5    ,          0.0469,          0.0000
comp_288      , Nb0.3125Ta0.125Ti0.125Zr0.4375  ,          0.0477,          0.0000
comp_289      , Nb0.3125Ta0.125Ti0.1875Zr0.375  ,          0.0482,          0.0000
comp_290      , Nb0.3125Ta0.125Ti0.25Zr0.3125   ,          0.0485,          0.0000
comp_291      , Nb0.3125Ta0.125Ti0.3125Zr0.25   ,          0.0487,          0.0000
comp_292      , Nb0.3125Ta0.125Ti0.375Zr0.1875  ,          0.0487,          0.0000
comp_293      , Nb0.3125Ta0.125Ti0.4375Zr0.125  ,          0.0487,          0.0000
comp_294      , Nb0.3125Ta0.125Ti0.5Zr0.0625    ,          0.0484,          0.0000
comp_295      , Nb0.3125Ta0.1875Ti0.0625Zr0.4375,          0.0480,          0.0000
comp_296      , Nb0.3125Ta0.1875Ti0.125Zr0.375  ,          0.0487,          0.0000
comp_297      , Nb0.3125Ta0.1875Ti0.1875Zr0.3125,          0.0490,          0.0000
comp_298      , Nb0.3125Ta0.1875Ti0.25Zr0.25    ,          0.0492,          0.0000
comp_299      , Nb0.3125Ta0.1875Ti0.3125Zr0.1875,          0.0494,          0.0000
comp_300      , Nb0.3125Ta0.1875Ti0.375Zr0.125  ,          0.0494,          0.0000
comp_301      , Nb0.3125Ta0.1875Ti0.4375Zr0.0625,          0.0492,          0.0000
comp_302      , Nb0.3125Ta0.25Ti0.0625Zr0.375   ,          0.0485,          0.0000
comp_303      , Nb0.3125Ta0.25Ti0.125Zr0.3125   ,          0.0491,          0.0000
comp_304      , Nb0.3125Ta0.25Ti0.1875Zr0.25    ,          0.0494,          0.0000
comp_305      , Nb0.3125Ta0.25Ti0.25Zr0.1875    ,          0.0496,          0.0000
comp_306      , Nb0.3125Ta0.25Ti0.3125Zr0.125   ,          0.0496,          0.0000
comp_307      , Nb0.3125Ta0.25Ti0.375Zr0.0625   ,          0.0495,          0.0000
comp_308      , Nb0.3125Ta0.3125Ti0.0625Zr0.3125,          0.0488,          0.0000
comp_309      , Nb0.3125Ta0.3125Ti0.125Zr0.25   ,          0.0493,          0.0000
comp_310      , Nb0.3125Ta0.3125Ti0.1875Zr0.1875,          0.0496,          0.0000
comp_311      , Nb0.3125Ta0.3125Ti0.25Zr0.125   ,          0.0497,          0.0000
comp_312      , Nb0.3125Ta0.3125Ti0.3125Zr0.0625,          0.0496,          0.0000
comp_313      , Nb0.3125Ta0.375Ti0.0625Zr0.25   ,          0.0489,          0.0000
comp_314      , Nb0.3125Ta0.375Ti0.125Zr0.1875  ,          0.0494,          0.0000
comp_315      , Nb0.3125Ta0.375Ti0.1875Zr0.125  ,          0.0496,          0.0000
comp_316      , Nb0.3125Ta0.375Ti0.25Zr0.0625   ,          0.0496,          0.0000
comp_317      , Nb0.3125Ta0.4375Ti0.0625Zr0.1875,          0.0488,          0.0000
comp_318      , Nb0.3125Ta0.4375Ti0.125Zr0.125  ,          0.0493,          0.0000
comp_319      , Nb0.3125Ta0.4375Ti0.1875Zr0.0625,          0.0494,          0.0000
comp_320      , Nb0.3125Ta0.5Ti0.0625Zr0.125    ,          0.0487,          0.0000
comp_321      , Nb0.3125Ta0.5Ti0.125Zr0.0625    ,          0.0490,          0.0000
comp_322      , Nb0.3125Ta0.5625Ti0.0625Zr0.0625,          0.0484,          0.0000
comp_323      , Nb0.375Ta0.0625Ti0.0625Zr0.5    ,          0.0452,          0.0000
comp_324      , Nb0.375Ta0.0625Ti0.125Zr0.4375  ,          0.0458,          0.0000
comp_325      , Nb0.375Ta0.0625Ti0.1875Zr0.375  ,          0.0463,          0.0000
comp_326      , Nb0.375Ta0.0625Ti0.25Zr0.3125   ,          0.0467,          0.0000
comp_327      , Nb0.375Ta0.0625Ti0.3125Zr0.25   ,          0.0469,          0.0000
comp_328      , Nb0.375Ta0.0625Ti0.375Zr0.1875  ,          0.0470,          0.0000
comp_329      , Nb0.375Ta0.0625Ti0.4375Zr0.125  ,          0.0469,          0.0000
comp_330      , Nb0.375Ta0.0625Ti0.5Zr0.0625    ,          0.0469,          0.0000
comp_331      , Nb0.375Ta0.125Ti0.0625Zr0.4375  ,          0.0469,          0.0000
comp_332      , Nb0.375Ta0.125Ti0.125Zr0.375    ,          0.0477,          0.0000
comp_333      , Nb0.375Ta0.125Ti0.1875Zr0.3125  ,          0.0482,          0.0000
comp_334      , Nb0.375Ta0.125Ti0.25Zr0.25      ,          0.0485,          0.0000
comp_335      , Nb0.375Ta0.125Ti0.3125Zr0.1875  ,          0.0486,          0.0000
comp_336      , Nb0.375Ta0.125Ti0.375Zr0.125    ,          0.0486,          0.0000
comp_337      , Nb0.375Ta0.125Ti0.4375Zr0.0625  ,          0.0484,          0.0000
comp_338      , Nb0.375Ta0.1875Ti0.0625Zr0.375  ,          0.0480,          0.0000
comp_339      , Nb0.375Ta0.1875Ti0.125Zr0.3125  ,          0.0487,          0.0000
comp_340      , Nb0.375Ta0.1875Ti0.1875Zr0.25   ,          0.0490,          0.0000
comp_341      , Nb0.375Ta0.1875Ti0.25Zr0.1875   ,          0.0492,          0.0000
comp_342      , Nb0.375Ta0.1875Ti0.3125Zr0.125  ,          0.0493,          0.0000
comp_343      , Nb0.375Ta0.1875Ti0.375Zr0.0625  ,          0.0492,          0.0000
comp_344      , Nb0.375Ta0.25Ti0.0625Zr0.3125   ,          0.0486,          0.0000
comp_345      , Nb0.375Ta0.25Ti0.125Zr0.25      ,          0.0491,          0.0000
comp_346      , Nb0.375Ta0.25Ti0.1875Zr0.1875   ,          0.0494,          0.0000
comp_347      , Nb0.375Ta0.25Ti0.25Zr0.125      ,          0.0495,          0.0000
comp_348      , Nb0.375Ta0.25Ti0.3125Zr0.0625   ,          0.0495,          0.0000
comp_349      , Nb0.375Ta0.3125Ti0.0625Zr0.25   ,          0.0489,          0.0000
comp_350      , Nb0.375Ta0.3125Ti0.125Zr0.1875  ,          0.0493,          0.0000
comp_351      , Nb0.375Ta0.3125Ti0.1875Zr0.125  ,          0.0496,          0.0000
comp_352      , Nb0.375Ta0.3125Ti0.25Zr0.0625   ,          0.0496,          0.0000
comp_353      , Nb0.375Ta0.375Ti0.0625Zr0.1875  ,          0.0490,          0.0000
comp_354      , Nb0.375Ta0.375Ti0.125Zr0.125    ,          0.0494,          0.0000
comp_355      , Nb0.375Ta0.375Ti0.1875Zr0.0625  ,          0.0495,          0.0000
comp_356      , Nb0.375Ta0.4375Ti0.0625Zr0.125  ,          0.0489,          0.0000
comp_357      , Nb0.375Ta0.4375Ti0.125Zr0.0625  ,          0.0493,          0.0000
comp_358      , Nb0.375Ta0.5Ti0.0625Zr0.0625    ,          0.0488,          0.0000
comp_359      , Nb0.4375Ta0.0625Ti0.0625Zr0.4375,          0.0454,          0.0000
comp_360      , Nb0.4375Ta0.0625Ti0.125Zr0.375  ,          0.0457,          0.0000
comp_361      , Nb0.4375Ta0.0625Ti0.1875Zr0.3125,          0.0462,          0.0000
comp_362      , Nb0.4375Ta0.0625Ti0.25Zr0.25    ,          0.0466,          0.0000
comp_363      , Nb0.4375Ta0.0625Ti0.3125Zr0.1875,          0.0467,          0.0000
comp_364      , Nb0.4375Ta0.0625Ti0.375Zr0.125  ,          0.0468,          0.0000
comp_365      , Nb0.4375Ta0.0625Ti0.4375Zr0.0625,          0.0468,          0.0000
comp_366      , Nb0.4375Ta0.125Ti0.0625Zr0.375  ,          0.0468,          0.0000
comp_367      , Nb0.4375Ta0.125Ti0.125Zr0.3125  ,          0.0476,          0.0000
comp_368      , Nb0.4375Ta0.125Ti0.1875Zr0.25   ,          0.0481,          0.0000
comp_369      , Nb0.4375Ta0.125Ti0.25Zr0.1875   ,          0.0483,          0.0000
comp_370      , Nb0.4375Ta0.125Ti0.3125Zr0.125  ,          0.0484,          0.0000
comp_371      , Nb0.4375Ta0.125Ti0.375Zr0.0625  ,          0.0483,          0.0000
comp_372      , Nb0.4375Ta0.1875Ti0.0625Zr0.3125,          0.0479,          0.0000
comp_373      , Nb0.4375Ta0.1875Ti0.125Zr0.25   ,          0.0486,          0.0000
comp_374      , Nb0.4375Ta0.1875Ti0.1875Zr0.1875,          0.0490,          0.0000
comp_375      , Nb0.4375Ta0.1875Ti0.25Zr0.125   ,          0.0491,          0.0000
comp_376      , Nb0.4375Ta0.1875Ti0.3125Zr0.0625,          0.0491,          0.0000
comp_377      , Nb0.4375Ta0.25Ti0.0625Zr0.25    ,          0.0486,          0.0000
comp_378      , Nb0.4375Ta0.25Ti0.125Zr0.1875   ,          0.0491,          0.0000
comp_379      , Nb0.4375Ta0.25Ti0.1875Zr0.125   ,          0.0494,          0.0000
comp_380      , Nb0.4375Ta0.25Ti0.25Zr0.0625    ,          0.0494,          0.0000
comp_381      , Nb0.4375Ta0.3125Ti0.0625Zr0.1875,          0.0489,          0.0000
comp_382      , Nb0.4375Ta0.3125Ti0.125Zr0.125  ,          0.0493,          0.0000
comp_383      , Nb0.4375Ta0.3125Ti0.1875Zr0.0625,          0.0495,          0.0000
comp_384      , Nb0.4375Ta0.375Ti0.0625Zr0.125  ,          0.0490,          0.0000
comp_385      , Nb0.4375Ta0.375Ti0.125Zr0.0625  ,          0.0493,          0.0000
comp_386      , Nb0.4375Ta0.4375Ti0.0625Zr0.0625,          0.0490,          0.0000
comp_387      , Nb0.5Ta0.0625Ti0.0625Zr0.375    ,          0.0457,          0.0000
comp_388      , Nb0.5Ta0.0625Ti0.125Zr0.3125    ,          0.0457,          0.0000
comp_389      , Nb0.5Ta0.0625Ti0.1875Zr0.25     ,          0.0461,          0.0000
comp_390      , Nb0.5Ta0.0625Ti0.25Zr0.1875     ,          0.0464,          0.0000
comp_391      , Nb0.5Ta0.0625Ti0.3125Zr0.125    ,          0.0465,          0.0000
comp_392      , Nb0.5Ta0.0625Ti0.375Zr0.0625    ,          0.0466,          0.0000
comp_393      , Nb0.5Ta0.125Ti0.0625Zr0.3125    ,          0.0467,          0.0000
comp_394      , Nb0.5Ta0.125Ti0.125Zr0.25       ,          0.0475,          0.0000
comp_395      , Nb0.5Ta0.125Ti0.1875Zr0.1875    ,          0.0479,          0.0000
comp_396      , Nb0.5Ta0.125Ti0.25Zr0.125       ,          0.0481,          0.0000
comp_397      , Nb0.5Ta0.125Ti0.3125Zr0.0625    ,          0.0481,          0.0000
comp_398      , Nb0.5Ta0.1875Ti0.0625Zr0.25     ,          0.0479,          0.0000
comp_399      , Nb0.5Ta0.1875Ti0.125Zr0.1875    ,          0.0485,          0.0000
comp_400      , Nb0.5Ta0.1875Ti0.1875Zr0.125    ,          0.0488,          0.0000
comp_401      , Nb0.5Ta0.1875Ti0.25Zr0.0625     ,          0.0489,          0.0000
comp_402      , Nb0.5Ta0.25Ti0.0625Zr0.1875     ,          0.0485,          0.0000
comp_403      , Nb0.5Ta0.25Ti0.125Zr0.125       ,          0.0490,          0.0000
comp_404      , Nb0.5Ta0.25Ti0.1875Zr0.0625     ,          0.0492,          0.0000
comp_405      , Nb0.5Ta0.3125Ti0.0625Zr0.125    ,          0.0488,          0.0000
comp_406      , Nb0.5Ta0.3125Ti0.125Zr0.0625    ,          0.0492,          0.0000
comp_407      , Nb0.5Ta0.375Ti0.0625Zr0.0625    ,          0.0490,          0.0000
comp_408      , Nb0.5625Ta0.0625Ti0.0625Zr0.3125,          0.0464,          0.0000
comp_409      , Nb0.5625Ta0.0625Ti0.125Zr0.25   ,          0.0458,          0.0000
comp_410      , Nb0.5625Ta0.0625Ti0.1875Zr0.1875,          0.0460,          0.0000
comp_411      , Nb0.5625Ta0.0625Ti0.25Zr0.125   ,          0.0463,          0.0000
comp_412      , Nb0.5625Ta0.0625Ti0.3125Zr0.0625,          0.0465,          0.0000
comp_413      , Nb0.5625Ta0.125Ti0.0625Zr0.25   ,          0.0465,          0.0000
comp_414      , Nb0.5625Ta0.125Ti0.125Zr0.1875  ,          0.0473,          0.0000
comp_415      , Nb0.5625Ta0.125Ti0.1875Zr0.125  ,          0.0477,          0.0000
comp_416      , Nb0.5625Ta0.125Ti0.25Zr0.0625   ,          0.0477,          0.0000
comp_417      , Nb0.5625Ta0.1875Ti0.0625Zr0.1875,          0.0477,          0.0000
comp_418      , Nb0.5625Ta0.1875Ti0.125Zr0.125  ,          0.0484,          0.0000
comp_419      , Nb0.5625Ta0.1875Ti0.1875Zr0.0625,          0.0486,          0.0000
comp_420      , Nb0.5625Ta0.25Ti0.0625Zr0.125   ,          0.0484,          0.0000
comp_421      , Nb0.5625Ta0.25Ti0.125Zr0.0625   ,          0.0488,          0.0000
comp_422      , Nb0.5625Ta0.3125Ti0.0625Zr0.0625,          0.0488,          0.0000
comp_423      , Nb0.625Ta0.0625Ti0.0625Zr0.25   ,          0.0478,          0.0000
comp_424      , Nb0.625Ta0.0625Ti0.125Zr0.1875  ,          0.0462,          0.0000
comp_425      , Nb0.625Ta0.0625Ti0.1875Zr0.125  ,          0.0462,          0.0000
comp_426      , Nb0.625Ta0.0625Ti0.25Zr0.0625   ,          0.0466,          0.0000
comp_427      , Nb0.625Ta0.125Ti0.0625Zr0.1875  ,          0.0464,          0.0000
comp_428      , Nb0.625Ta0.125Ti0.125Zr0.125    ,          0.0470,          0.0000
comp_429      , Nb0.625Ta0.125Ti0.1875Zr0.0625  ,          0.0473,          0.0000
comp_430      , Nb0.625Ta0.1875Ti0.0625Zr0.125  ,          0.0476,          0.0000
comp_431      , Nb0.625Ta0.1875Ti0.125Zr0.0625  ,          0.0481,          0.0000
comp_432      , Nb0.625Ta0.25Ti0.0625Zr0.0625   ,          0.0483,          0.0000
comp_433      , Nb0.6875Ta0.0625Ti0.0625Zr0.1875,          0.0509,          0.0000
comp_434      , Nb0.6875Ta0.0625Ti0.125Zr0.125  ,          0.0473,          0.0000
comp_435      , Nb0.6875Ta0.0625Ti0.1875Zr0.0625,          0.0473,          0.0000
comp_436      , Nb0.6875Ta0.125Ti0.0625Zr0.125  ,          0.0464,          0.0000
comp_437      , Nb0.6875Ta0.125Ti0.125Zr0.0625  ,          0.0468,          0.0000
comp_438      , Nb0.6875Ta0.1875Ti0.0625Zr0.0625,          0.0474,          0.0000
