composition_id,Nb_atoms,Ta_atoms,Ti_atoms,Zr_atoms,Nb_frac,Ta_frac,Ti_frac,Zr_frac
comp_000,3,3,9,33,0.062500,0.062500,0.187500,0.687500
comp_001,3,3,12,30,0.062500,0.062500,0.250000,0.625000
comp_002,3,3,15,27,0.062500,0.062500,0.312500,0.562500
comp_003,3,3,18,24,0.062500,0.062500,0.375000,0.500000
comp_004,3,3,21,21,0.062500,0.062500,0.437500,0.437500
comp_005,3,3,24,18,0.062500,0.062500,0.500000,0.375000
comp_006,3,3,27,15,0.062500,0.062500,0.562500,0.312500
comp_007,3,3,30,12,0.062500,0.062500,0.625000,0.250000
comp_008,3,3,33,9,0.062500,0.062500,0.687500,0.187500
comp_009,3,6,6,33,0.062500,0.125000,0.125000,0.687500
comp_010,3,6,9,30,0.062500,0.125000,0.187500,0.625000
comp_011,3,6,12,27,0.062500,0.125000,0.250000,0.562500
comp_012,3,6,15,24,0.062500,0.125000,0.312500,0.500000
comp_013,3,6,18,21,0.062500,0.125000,0.375000,0.437500
comp_014,3,6,21,18,0.062500,0.125000,0.437500,0.375000
comp_015,3,6,24,15,0.062500,0.125000,0.500000,0.312500
comp_016,3,6,27,12,0.062500,0.125000,0.562500,0.250000
comp_017,3,6,30,9,0.062500,0.125000,0.625000,0.187500
comp_018,3,6,33,6,0.062500,0.125000,0.687500,0.125000
comp_019,3,9,3,33,0.062500,0.187500,0.062500,0.687500
comp_020,3,9,6,30,0.062500,0.187500,0.125000,0.625000
comp_021,3,9,9,27,0.062500,0.187500,0.187500,0.562500
comp_022,3,9,12,24,0.062500,0.187500,0.250000,0.500000
comp_023,3,9,15,21,0.062500,0.187500,0.312500,0.437500
comp_024,3,9,18,18,0.062500,0.187500,0.375000,0.375000
comp_025,3,9,21,15,0.062500,0.187500,0.437500,0.312500
comp_026,3,9,24,12,0.062500,0.187500,0.500000,0.250000
comp_027,3,9,27,9,0.062500,0.187500,0.562500,0.187500
comp_028,3,9,30,6,0.062500,0.187500,0.625000,0.125000
comp_029,3,9,33,3,0.062500,0.187500,0.687500,0.062500
comp_030,3,12,3,30,0.062500,0.250000,0.062500,0.625000
comp_031,3,12,6,27,0.062500,0.250000,0.125000,0.562500
comp_032,3,12,9,24,0.062500,0.250000,0.187500,0.500000
comp_033,3,12,12,21,0.062500,0.250000,0.250000,0.437500
comp_034,3,12,15,18,0.062500,0.250000,0.312500,0.375000
comp_035,3,12,18,15,0.062500,0.250000,0.375000,0.312500
comp_036,3,12,21,12,0.062500,0.250000,0.437500,0.250000
comp_037,3,12,24,9,0.062500,0.250000,0.500000,0.187500
comp_038,3,12,27,6,0.062500,0.250000,0.562500,0.125000
comp_039,3,12,30,3,0.062500,0.250000,0.625000,0.062500
comp_040,3,15,3,27,0.062500,0.312500,0.062500,0.562500
comp_041,3,15,6,24,0.062500,0.312500,0.125000,0.500000
comp_042,3,15,9,21,0.062500,0.312500,0.187500,0.437500
comp_043,3,15,12,18,0.062500,0.312500,0.250000,0.375000
comp_044,3,15,15,15,0.062500,0.312500,0.312500,0.312500
comp_045,3,15,18,12,0.062500,0.312500,0.375000,0.250000
comp_046,3,15,21,9,0.062500,0.312500,0.437500,0.187500
comp_047,3,15,24,6,0.062500,0.312500,0.500000,0.125000
comp_048,3,15,27,3,0.062500,0.312500,0.562500,0.062500
comp_049,3,18,3,24,0.062500,0.375000,0.062500,0.500000
comp_050,3,18,6,21,0.062500,0.375000,0.125000,0.437500
comp_051,3,18,9,18,0.062500,0.375000,0.187500,0.375000
comp_052,3,18,12,15,0.062500,0.375000,0.250000,0.312500
comp_053,3,18,15,12,0.062500,0.375000,0.312500,0.250000
comp_054,3,18,18,9,0.062500,0.375000,0.375000,0.187500
comp_055,3,18,21,6,0.062500,0.375000,0.437500,0.125000
comp_056,3,18,24,3,0.062500,0.375000,0.500000,0.062500
comp_057,3,21,3,21,0.062500,0.437500,0.062500,0.437500
comp_058,3,21,6,18,0.062500,0.437500,0.125000,0.375000
comp_059,3,21,9,15,0.062500,0.437500,0.187500,0.312500
comp_060,3,21,12,12,0.062500,0.437500,0.250000,0.250000
comp_061,3,21,15,9,0.062500,0.437500,0.312500,0.187500
comp_062,3,21,18,6,0.062500,0.437500,0.375000,0.125000
comp_063,3,21,21,3,0.062500,0.437500,0.437500,0.062500
comp_064,3,24,3,18,0.062500,0.500000,0.062500,0.375000
comp_065,3,24,6,15,0.062500,0.500000,0.125000,0.312500
comp_066,3,24,9,12,0.062500,0.500000,0.187500,0.250000
comp_067,3,24,12,9,0.062500,0.500000,0.250000,0.187500
comp_068,3,24,15,6,0.062500,0.500000,0.312500,0.125000
comp_069,3,24,18,3,0.062500,0.500000,0.375000,0.062500
comp_070,3,27,3,15,0.062500,0.562500,0.062500,0.312500
comp_071,3,27,6,12,0.062500,0.562500,0.125000,0.250000
comp_072,3,27,9,9,0.062500,0.562500,0.187500,0.187500
comp_073,3,27,12,6,0.062500,0.562500,0.250000,0.125000
comp_074,3,27,15,3,0.062500,0.562500,0.312500,0.062500
comp_075,3,30,3,12,0.062500,0.625000,0.062500,0.250000
comp_076,3,30,6,9,0.062500,0.625000,0.125000,0.187500
comp_077,3,30,9,6,0.062500,0.625000,0.187500,0.125000
comp_078,3,30,12,3,0.062500,0.625000,0.250000,0.062500
comp_079,3,33,3,9,0.062500,0.687500,0.062500,0.187500
comp_080,3,33,6,6,0.062500,0.687500,0.125000,0.125000
comp_081,3,33,9,3,0.062500,0.687500,0.187500,0.062500
comp_082,6,3,6,33,0.125000,0.062500,0.125000,0.687500
comp_083,6,3,9,30,0.125000,0.062500,0.187500,0.625000
comp_084,6,3,12,27,0.125000,0.062500,0.250000,0.562500
comp_085,6,3,15,24,0.125000,0.062500,0.312500,0.500000
comp_086,6,3,18,21,0.125000,0.062500,0.375000,0.437500
comp_087,6,3,21,18,0.125000,0.062500,0.437500,0.375000
comp_088,6,3,24,15,0.125000,0.062500,0.500000,0.312500
comp_089,6,3,27,12,0.125000,0.062500,0.562500,0.250000
comp_090,6,3,30,9,0.125000,0.062500,0.625000,0.187500
comp_091,6,3,33,6,0.125000,0.062500,0.687500,0.125000
comp_092,6,6,3,33,0.125000,0.125000,0.062500,0.687500
comp_093,6,6,6,30,0.125000,0.125000,0.125000,0.625000
comp_094,6,6,9,27,0.125000,0.125000,0.187500,0.562500
comp_095,6,6,12,24,0.125000,0.125000,0.250000,0.500000
comp_096,6,6,15,21,0.125000,0.125000,0.312500,0.437500
comp_097,6,6,18,18,0.125000,0.125000,0.375000,0.375000
comp_098,6,6,21,15,0.125000,0.125000,0.437500,0.312500
comp_099,6,6,24,12,0.125000,0.125000,0.500000,0.250000
comp_100,6,6,27,9,0.125000,0.125000,0.562500,0.187500
comp_101,6,6,30,6,0.125000,0.125000,0.625000,0.125000
comp_102,6,6,33,3,0.125000,0.125000,0.687500,0.062500
comp_103,6,9,3,30,0.125000,0.187500,0.062500,0.625000
comp_104,6,9,6,27,0.125000,0.187500,0.125000,0.562500
comp_105,6,9,9,24,0.125000,0.187500,0.187500,0.500000
comp_106,6,9,12,21,0.125000,0.187500,0.250000,0.437500
comp_107,6,9,15,18,0.125000,0.187500,0.312500,0.375000
comp_108,6,9,18,15,0.125000,0.187500,0.375000,0.312500
comp_109,6,9,21,12,0.125000,0.187500,0.437500,0.250000
comp_110,6,9,24,9,0.125000,0.187500,0.500000,0.187500
comp_111,6,9,27,6,0.125000,0.187500,0.562500,0.125000
comp_112,6,9,30,3,0.125000,0.187500,0.625000,0.062500
comp_113,6,12,3,27,0.125000,0.250000,0.062500,0.562500
comp_114,6,12,6,24,0.125000,0.250000,0.125000,0.500000
comp_115,6,12,9,21,0.125000,0.250000,0.187500,0.437500
comp_116,6,12,12,18,0.125000,0.250000,0.250000,0.375000
comp_117,6,12,15,15,0.125000,0.250000,0.312500,0.312500
comp_118,6,12,18,12,0.125000,0.250000,0.375000,0.250000
comp_119,6,12,21,9,0.125000,0.250000,0.437500,0.187500
comp_120,6,12,24,6,0.125000,0.250000,0.500000,0.125000
comp_121,6,12,27,3,0.125000,0.250000,0.562500,0.062500
comp_122,6,15,3,24,0.125000,0.312500,0.062500,0.500000
comp_123,6,15,6,21,0.125000,0.312500,0.125000,0.437500
comp_124,6,15,9,18,0.125000,0.312500,0.187500,0.375000
comp_125,6,15,12,15,0.125000,0.312500,0.250000,0.312500
comp_126,6,15,15,12,0.125000,0.312500,0.312500,0.250000
comp_127,6,15,18,9,0.125000,0.312500,0.375000,0.187500
comp_128,6,15,21,6,0.125000,0.312500,0.437500,0.125000
comp_129,6,15,24,3,0.125000,0.312500,0.500000,0.062500
comp_130,6,18,3,21,0.125000,0.375000,0.062500,0.437500
comp_131,6,18,6,18,0.125000,0.375000,0.125000,0.375000
comp_132,6,18,9,15,0.125000,0.375000,0.187500,0.312500
comp_133,6,18,12,12,0.125000,0.375000,0.250000,0.250000
comp_134,6,18,15,9,0.125000,0.375000,0.312500,0.187500
comp_135,6,18,18,6,0.125000,0.375000,0.375000,0.125000
comp_136,6,18,21,3,0.125000,0.375000,0.437500,0.062500
comp_137,6,21,3,18,0.125000,0.437500,0.062500,0.375000
comp_138,6,21,6,15,0.125000,0.437500,0.125000,0.312500
comp_139,6,21,9,12,0.125000,0.437500,0.187500,0.250000
comp_140,6,21,12,9,0.125000,0.437500,0.250000,0.187500
comp_141,6,21,15,6,0.125000,0.437500,0.312500,0.125000
comp_142,6,21,18,3,0.125000,0.437500,0.375000,0.062500
comp_143,6,24,3,15,0.125000,0.500000,0.062500,0.312500
comp_144,6,24,6,12,0.125000,0.500000,0.125000,0.250000
comp_145,6,24,9,9,0.125000,0.500000,0.187500,0.187500
comp_146,6,24,12,6,0.125000,0.500000,0.250000,0.125000
comp_147,6,24,15,3,0.125000,0.500000,0.312500,0.062500
comp_148,6,27,3,12,0.125000,0.562500,0.062500,0.250000
comp_149,6,27,6,9,0.125000,0.562500,0.125000,0.187500
comp_150,6,27,9,6,0.125000,0.562500,0.187500,0.125000
comp_151,6,27,12,3,0.125000,0.562500,0.250000,0.062500
comp_152,6,30,3,9,0.125000,0.625000,0.062500,0.187500
comp_153,6,30,6,6,0.125000,0.625000,0.125000,0.125000
comp_154,6,30,9,3,0.125000,0.625000,0.187500,0.062500
comp_155,6,33,3,6,0.125000,0.687500,0.062500,0.125000
comp_156,6,33,6,3,0.125000,0.687500,0.125000,0.062500
comp_157,9,3,3,33,0.187500,0.062500,0.062500,0.687500
comp_158,9,3,6,30,0.187500,0.062500,0.125000,0.625000
comp_159,9,3,9,27,0.187500,0.062500,0.187500,0.562500
comp_160,9,3,12,24,0.187500,0.062500,0.250000,0.500000
comp_161,9,3,15,21,0.187500,0.062500,0.312500,0.437500
comp_162,9,3,18,18,0.187500,0.062500,0.375000,0.375000
comp_163,9,3,21,15,0.187500,0.062500,0.437500,0.312500
comp_164,9,3,24,12,0.187500,0.062500,0.500000,0.250000
comp_165,9,3,27,9,0.187500,0.062500,0.562500,0.187500
comp_166,9,3,30,6,0.187500,0.062500,0.625000,0.125000
comp_167,9,3,33,3,0.187500,0.062500,0.687500,0.062500
comp_168,9,6,3,30,0.187500,0.125000,0.062500,0.625000
comp_169,9,6,6,27,0.187500,0.125000,0.125000,0.562500
comp_170,9,6,9,24,0.187500,0.125000,0.187500,0.500000
comp_171,9,6,12,21,0.187500,0.125000,0.250000,0.437500
comp_172,9,6,15,18,0.187500,0.125000,0.312500,0.375000
comp_173,9,6,18,15,0.187500,0.125000,0.375000,0.312500
comp_174,9,6,21,12,0.187500,0.125000,0.437500,0.250000
comp_175,9,6,24,9,0.187500,0.125000,0.500000,0.187500
comp_176,9,6,27,6,0.187500,0.125000,0.562500,0.125000
comp_177,9,6,30,3,0.187500,0.125000,0.625000,0.062500
comp_178,9,9,3,27,0.187500,0.187500,0.062500,0.562500
comp_179,9,9,6,24,0.187500,0.187500,0.125000,0.500000
comp_180,9,9,9,21,0.187500,0.187500,0.187500,0.437500
comp_181,9,9,12,18,0.187500,0.187500,0.250000,0.375000
comp_182,9,9,15,15,0.187500,0.187500,0.312500,0.312500
comp_183,9,9,18,12,0.187500,0.187500,0.375000,0.250000
comp_184,9,9,21,9,0.187500,0.187500,0.437500,0.187500
comp_185,9,9,24,6,0.187500,0.187500,0.500000,0.125000
comp_186,9,9,27,3,0.187500,0.187500,0.562500,0.062500
comp_187,9,12,3,24,0.187500,0.250000,0.062500,0.500000
comp_188,9,12,6,21,0.187500,0.250000,0.125000,0.437500
comp_189,9,12,9,18,0.187500,0.250000,0.187500,0.375000
comp_190,9,12,12,15,0.187500,0.250000,0.250000,0.312500
comp_191,9,12,15,12,0.187500,0.250000,0.312500,0.250000
comp_192,9,12,18,9,0.187500,0.250000,0.375000,0.187500
comp_193,9,12,21,6,0.187500,0.250000,0.437500,0.125000
comp_194,9,12,24,3,0.187500,0.250000,0.500000,0.062500
comp_195,9,15,3,21,0.187500,0.312500,0.062500,0.437500
comp_196,9,15,6,18,0.187500,0.312500,0.125000,0.375000
comp_197,9,15,9,15,0.187500,0.312500,0.187500,0.312500
comp_198,9,15,12,12,0.187500,0.312500,0.250000,0.250000
comp_199,9,15,15,9,0.187500,0.312500,0.312500,0.187500
comp_200,9,15,18,6,0.187500,0.312500,0.375000,0.125000
comp_201,9,15,21,3,0.187500,0.312500,0.437500,0.062500
comp_202,9,18,3,18,0.187500,0.375000,0.062500,0.375000
comp_203,9,18,6,15,0.187500,0.375000,0.125000,0.312500
comp_204,9,18,9,12,0.187500,0.375000,0.187500,0.250000
comp_205,9,18,12,9,0.187500,0.375000,0.250000,0.187500
comp_206,9,18,15,6,0.187500,0.375000,0.312500,0.125000
comp_207,9,18,18,3,0.187500,0.375000,0.375000,0.062500
comp_208,9,21,3,15,0.187500,0.437500,0.062500,0.312500
comp_209,9,21,6,12,0.187500,0.437500,0.125000,0.250000
comp_210,9,21,9,9,0.187500,0.437500,0.187500,0.187500
comp_211,9,21,12,6,0.187500,0.437500,0.250000,0.125000
comp_212,9,21,15,3,0.187500,0.437500,0.312500,0.062500
comp_213,9,24,3,12,0.187500,0.500000,0.062500,0.250000
comp_214,9,24,6,9,0.187500,0.500000,0.125000,0.187500
comp_215,9,24,9,6,0.187500,0.500000,0.187500,0.125000
comp_216,9,24,12,3,0.187500,0.500000,0.250000,0.062500
comp_217,9,27,3,9,0.187500,0.562500,0.062500,0.187500
comp_218,9,27,6,6,0.187500,0.562500,0.125000,0.125000
comp_219,9,27,9,3,0.187500,0.562500,0.187500,0.062500
comp_220,9,30,3,6,0.187500,0.625000,0.062500,0.125000
comp_221,9,30,6,3,0.187500,0.625000,0.125000,0.062500
comp_222,9,33,3,3,0.187500,0.687500,0.062500,0.062500
comp_223,12,3,3,30,0.250000,0.062500,0.062500,0.625000
comp_224,12,3,6,27,0.250000,0.062500,0.125000,0.562500
comp_225,12,3,9,24,0.250000,0.062500,0.187500,0.500000
comp_226,12,3,12,21,0.250000,0.062500,0.250000,0.437500
comp_227,12,3,15,18,0.250000,0.062500,0.312500,0.375000
comp_228,12,3,18,15,0.250000,0.062500,0.375000,0.312500
comp_229,12,3,21,12,0.250000,0.062500,0.437500,0.250000
comp_230,12,3,24,9,0.250000,0.062500,0.500000,0.187500
comp_231,12,3,27,6,0.250000,0.062500,0.562500,0.125000
comp_232,12,3,30,3,0.250000,0.062500,0.625000,0.062500
comp_233,12,6,3,27,0.250000,0.125000,0.062500,0.562500
comp_234,12,6,6,24,0.250000,0.125000,0.125000,0.500000
comp_235,12,6,9,21,0.250000,0.125000,0.187500,0.437500
comp_236,12,6,12,18,0.250000,0.125000,0.250000,0.375000
comp_237,12,6,15,15,0.250000,0.125000,0.312500,0.312500
comp_238,12,6,18,12,0.250000,0.125000,0.375000,0.250000
comp_239,12,6,21,9,0.250000,0.125000,0.437500,0.187500
comp_240,12,6,24,6,0.250000,0.125000,0.500000,0.125000
comp_241,12,6,27,3,0.250000,0.125000,0.562500,0.062500
comp_242,12,9,3,24,0.250000,0.187500,0.062500,0.500000
comp_243,12,9,6,21,0.250000,0.187500,0.125000,0.437500
comp_244,12,9,9,18,0.250000,0.187500,0.187500,0.375000
comp_245,12,9,12,15,0.250000,0.187500,0.250000,0.312500
comp_246,12,9,15,12,0.250000,0.187500,0.312500,0.250000
comp_247,12,9,18,9,0.250000,0.187500,0.375000,0.187500
comp_248,12,9,21,6,0.250000,0.187500,0.437500,0.125000
comp_249,12,9,24,3,0.250000,0.187500,0.500000,0.062500
comp_250,12,12,3,21,0.250000,0.250000,0.062500,0.437500
comp_251,12,12,6,18,0.250000,0.250000,0.125000,0.375000
comp_252,12,12,9,15,0.250000,0.250000,0.187500,0.312500
comp_253,12,12,12,12,0.250000,0.250000,0.250000,0.250000
comp_254,12,12,15,9,0.250000,0.250000,0.312500,0.187500
comp_255,12,12,18,6,0.250000,0.250000,0.375000,0.125000
comp_256,12,12,21,3,0.250000,0.250000,0.437500,0.062500
comp_257,12,15,3,18,0.250000,0.312500,0.062500,0.375000
comp_258,12,15,6,15,0.250000,0.312500,0.125000,0.312500
comp_259,12,15,9,12,0.250000,0.312500,0.187500,0.250000
comp_260,12,15,12,9,0.250000,0.312500,0.250000,0.187500
comp_261,12,15,15,6,0.250000,0.312500,0.312500,0.125000
comp_262,12,15,18,3,0.250000,0.312500,0.375000,0.062500
comp_263,12,18,3,15,0.250000,0.375000,0.062500,0.312500
comp_264,12,18,6,12,0.250000,0.375000,0.125000,0.250000
comp_265,12,18,9,9,0.250000,0.375000,0.187500,0.187500
comp_266,12,18,12,6,0.250000,0.375000,0.250000,0.125000
comp_267,12,18,15,3,0.250000,0.375000,0.312500,0.062500
comp_268,12,21,3,12,0.250000,0.437500,0.062500,0.250000
comp_269,12,21,6,9,0.250000,0.437500,0.125000,0.187500
comp_270,12,21,9,6,0.250000,0.437500,0.187500,0.125000
comp_271,12,21,12,3,0.250000,0.437500,0.250000,0.062500
comp_272,12,24,3,9,0.250000,0.500000,0.062500,0.187500
comp_273,12,24,6,6,0.250000,0.500000,0.125000,0.125000
comp_274,12,24,9,3,0.250000,0.500000,0.187500,0.062500
comp_275,12,27,3,6,0.250000,0.562500,0.062500,0.125000
comp_276,12,27,6,3,0.250000,0.562500,0.125000,0.062500
comp_277,12,30,3,3,0.250000,0.625000,0.062500,0.062500
comp_278,15,3,3,27,0.312500,0.062500,0.062500,0.562500
comp_279,15,3,6,24,0.312500,0.062500,0.125000,0.500000
comp_280,15,3,9,21,0.312500,0.062500,0.187500,0.437500
comp_281,15,3,12,18,0.312500,0.062500,0.250000,0.375000
comp_282,15,3,15,15,0.312500,0.062500,0.312500,0.312500
comp_283,15,3,18,12,0.312500,0.062500,0.375000,0.250000
comp_284,15,3,21,9,0.312500,0.062500,0.437500,0.187500
comp_285,15,3,24,6,0.312500,0.062500,0.500000,0.125000
comp_286,15,3,27,3,0.312500,0.062500,0.562500,0.062500
comp_287,15,6,3,24,0.312500,0.125000,0.062500,0.500000
comp_288,15,6,6,21,0.312500,0.125000,0.125000,0.437500
comp_289,15,6,9,18,0.312500,0.125000,0.187500,0.375000
comp_290,15,6,12,15,0.312500,0.125000,0.250000,0.312500
comp_291,15,6,15,12,0.312500,0.125000,0.312500,0.250000
comp_292,15,6,18,9,0.312500,0.125000,0.375000,0.187500
comp_293,15,6,21,6,0.312500,0.125000,0.437500,0.125000
comp_294,15,6,24,3,0.312500,0.125000,0.500000,0.062500
comp_295,15,9,3,21,0.312500,0.187500,0.062500,0.437500
comp_296,15,9,6,18,0.312500,0.187500,0.125000,0.375000
comp_297,15,9,9,15,0.312500,0.187500,0.187500,0.312500
comp_298,15,9,12,12,0.312500,0.187500,0.250000,0.250000
comp_299,15,9,15,9,0.312500,0.187500,0.312500,0.187500
comp_300,15,9,18,6,0.312500,0.187500,0.375000,0.125000
comp_301,15,9,21,3,0.312500,0.187500,0.437500,0.062500
comp_302,15,12,3,18,0.312500,0.250000,0.062500,0.375000
comp_303,15,12,6,15,0.312500,0.250000,0.125000,0.312500
comp_304,15,12,9,12,0.312500,0.250000,0.187500,0.250000
comp_305,15,12,12,9,0.312500,0.250000,0.250000,0.187500
comp_306,15,12,15,6,0.312500,0.250000,0.312500,0.125000
comp_307,15,12,18,3,0.312500,0.250000,0.375000,0.062500
comp_308,15,15,3,15,0.312500,0.312500,0.062500,0.312500
comp_309,15,15,6,12,0.312500,0.312500,0.125000,0.250000
comp_310,15,15,9,9,0.312500,0.312500,0.187500,0.187500
comp_311,15,15,12,6,0.312500,0.312500,0.250000,0.125000
comp_312,15,15,15,3,0.312500,0.312500,0.312500,0.062500
comp_313,15,18,3,12,0.312500,0.375000,0.062500,0.250000
comp_314,15,18,6,9,0.312500,0.375000,0.125000,0.187500
comp_315,15,18,9,6,0.312500,0.375000,0.187500,0.125000
comp_316,15,18,12,3,0.312500,0.375000,0.250000,0.062500
comp_317,15,21,3,9,0.312500,0.437500,0.062500,0.187500
comp_318,15,21,6,6,0.312500,0.437500,0.125000,0.125000
comp_319,15,21,9,3,0.312500,0.437500,0.187500,0.062500
comp_320,15,24,3,6,0.312500,0.500000,0.062500,0.125000
comp_321,15,24,6,3,0.312500,0.500000,0.125000,0.062500
comp_322,15,27,3,3,0.312500,0.562500,0.062500,0.062500
comp_323,18,3,3,24,0.375000,0.062500,0.062500,0.500000
comp_324,18,3,6,21,0.375000,0.062500,0.125000,0.437500
comp_325,18,3,9,18,0.375000,0.062500,0.187500,0.375000
comp_326,18,3,12,15,0.375000,0.062500,0.250000,0.312500
comp_327,18,3,15,12,0.375000,0.062500,0.312500,0.250000
comp_328,18,3,18,9,0.375000,0.062500,0.375000,0.187500
comp_329,18,3,21,6,0.375000,0.062500,0.437500,0.125000
comp_330,18,3,24,3,0.375000,0.062500,0.500000,0.062500
comp_331,18,6,3,21,0.375000,0.125000,0.062500,0.437500
comp_332,18,6,6,18,0.375000,0.125000,0.125000,0.375000
comp_333,18,6,9,15,0.375000,0.125000,0.187500,0.312500
comp_334,18,6,12,12,0.375000,0.125000,0.250000,0.250000
comp_335,18,6,15,9,0.375000,0.125000,0.312500,0.187500
comp_336,18,6,18,6,0.375000,0.125000,0.375000,0.125000
comp_337,18,6,21,3,0.375000,0.125000,0.437500,0.062500
comp_338,18,9,3,18,0.375000,0.187500,0.062500,0.375000
comp_339,18,9,6,15,0.375000,0.187500,0.125000,0.312500
comp_340,18,9,9,12,0.375000,0.187500,0.187500,0.250000
comp_341,18,9,12,9,0.375000,0.187500,0.250000,0.187500
comp_342,18,9,15,6,0.375000,0.187500,0.312500,0.125000
comp_343,18,9,18,3,0.375000,0.187500,0.375000,0.062500
comp_344,18,12,3,15,0.375000,0.250000,0.062500,0.312500
comp_345,18,12,6,12,0.375000,0.250000,0.125000,0.250000
comp_346,18,12,9,9,0.375000,0.250000,0.187500,0.187500
comp_347,18,12,12,6,0.375000,0.250000,0.250000,0.125000
comp_348,18,12,15,3,0.375000,0.250000,0.312500,0.062500
comp_349,18,15,3,12,0.375000,0.312500,0.062500,0.250000
comp_350,18,15,6,9,0.375000,0.312500,0.125000,0.187500
comp_351,18,15,9,6,0.375000,0.312500,0.187500,0.125000
comp_352,18,15,12,3,0.375000,0.312500,0.250000,0.062500
comp_353,18,18,3,9,0.375000,0.375000,0.062500,0.187500
comp_354,18,18,6,6,0.375000,0.375000,0.125000,0.125000
comp_355,18,18,9,3,0.375000,0.375000,0.187500,0.062500
comp_356,18,21,3,6,0.375000,0.437500,0.062500,0.125000
comp_357,18,21,6,3,0.375000,0.437500,0.125000,0.062500
comp_358,18,24,3,3,0.375000,0.500000,0.062500,0.062500
comp_359,21,3,3,21,0.437500,0.062500,0.062500,0.437500
comp_360,21,3,6,18,0.437500,0.062500,0.125000,0.375000
comp_361,21,3,9,15,0.437500,0.062500,0.187500,0.312500
comp_362,21,3,12,12,0.437500,0.062500,0.250000,0.250000
comp_363,21,3,15,9,0.437500,0.062500,0.312500,0.187500
comp_364,21,3,18,6,0.437500,0.062500,0.375000,0.125000
comp_365,21,3,21,3,0.437500,0.062500,0.437500,0.062500
comp_366,21,6,3,18,0.437500,0.125000,0.062500,0.375000
comp_367,21,6,6,15,0.437500,0.125000,0.125000,0.312500
comp_368,21,6,9,12,0.437500,0.125000,0.187500,0.250000
comp_369,21,6,12,9,0.437500,0.125000,0.250000,0.187500
comp_370,21,6,15,6,0.437500,0.125000,0.312500,0.125000
comp_371,21,6,18,3,0.437500,0.125000,0.375000,0.062500
comp_372,21,9,3,15,0.437500,0.187500,0.062500,0.312500
comp_373,21,9,6,12,0.437500,0.187500,0.125000,0.250000
comp_374,21,9,9,9,0.437500,0.187500,0.187500,0.187500
comp_375,21,9,12,6,0.437500,0.187500,0.250000,0.125000
comp_376,21,9,15,3,0.437500,0.187500,0.312500,0.062500
comp_377,21,12,3,12,0.437500,0.250000,0.062500,0.250000
comp_378,21,12,6,9,0.437500,0.250000,0.125000,0.187500
comp_379,21,12,9,6,0.437500,0.250000,0.187500,0.125000
comp_380,21,12,12,3,0.437500,0.250000,0.250000,0.062500
comp_381,21,15,3,9,0.437500,0.312500,0.062500,0.187500
comp_382,21,15,6,6,0.437500,0.312500,0.125000,0.125000
comp_383,21,15,9,3,0.437500,0.312500,0.187500,0.062500
comp_384,21,18,3,6,0.437500,0.375000,0.062500,0.125000
comp_385,21,18,6,3,0.437500,0.375000,0.125000,0.062500
comp_386,21,21,3,3,0.437500,0.437500,0.062500,0.062500
comp_387,24,3,3,18,0.500000,0.062500,0.062500,0.375000
comp_388,24,3,6,15,0.500000,0.062500,0.125000,0.312500
comp_389,24,3,9,12,0.500000,0.062500,0.187500,0.250000
comp_390,24,3,12,9,0.500000,0.062500,0.250000,0.187500
comp_391,24,3,15,6,0.500000,0.062500,0.312500,0.125000
comp_392,24,3,18,3,0.500000,0.062500,0.375000,0.062500
comp_393,24,6,3,15,0.500000,0.125000,0.062500,0.312500
comp_394,24,6,6,12,0.500000,0.125000,0.125000,0.250000
comp_395,24,6,9,9,0.500000,0.125000,0.187500,0.187500
comp_396,24,6,12,6,0.500000,0.125000,0.250000,0.125000
comp_397,24,6,15,3,0.500000,0.125000,0.312500,0.062500
comp_398,24,9,3,12,0.500000,0.187500,0.062500,0.250000
comp_399,24,9,6,9,0.500000,0.187500,0.125000,0.187500
comp_400,24,9,9,6,0.500000,0.187500,0.187500,0.125000
comp_401,24,9,12,3,0.500000,0.187500,0.250000,0.062500
comp_402,24,12,3,9,0.500000,0.250000,0.062500,0.187500
comp_403,24,12,6,6,0.500000,0.250000,0.125000,0.125000
comp_404,24,12,9,3,0.500000,0.250000,0.187500,0.062500
comp_405,24,15,3,6,0.500000,0.312500,0.062500,0.125000
comp_406,24,15,6,3,0.500000,0.312500,0.125000,0.062500
comp_407,24,18,3,3,0.500000,0.375000,0.062500,0.062500
comp_408,27,3,3,15,0.562500,0.062500,0.062500,0.312500
comp_409,27,3,6,12,0.562500,0.062500,0.125000,0.250000
comp_410,27,3,9,9,0.562500,0.062500,0.187500,0.187500
comp_411,27,3,12,6,0.562500,0.062500,0.250000,0.125000
comp_412,27,3,15,3,0.562500,0.062500,0.312500,0.062500
comp_413,27,6,3,12,0.562500,0.125000,0.062500,0.250000
comp_414,27,6,6,9,0.562500,0.125000,0.125000,0.187500
comp_415,27,6,9,6,0.562500,0.125000,0.187500,0.125000
comp_416,27,6,12,3,0.562500,0.125000,0.250000,0.062500
comp_417,27,9,3,9,0.562500,0.187500,0.062500,0.187500
comp_418,27,9,6,6,0.562500,0.187500,0.125000,0.125000
comp_419,27,9,9,3,0.562500,0.187500,0.187500,0.062500
comp_420,27,12,3,6,0.562500,0.250000,0.062500,0.125000
comp_421,27,12,6,3,0.562500,0.250000,0.125000,0.062500
comp_422,27,15,3,3,0.562500,0.312500,0.062500,0.062500
comp_423,30,3,3,12,0.625000,0.062500,0.062500,0.250000
comp_424,30,3,6,9,0.625000,0.062500,0.125000,0.187500
comp_425,30,3,9,6,0.625000,0.062500,0.187500,0.125000
comp_426,30,3,12,3,0.625000,0.062500,0.250000,0.062500
comp_427,30,6,3,9,0.625000,0.125000,0.062500,0.187500
comp_428,30,6,6,6,0.625000,0.125000,0.125000,0.125000
comp_429,30,6,9,3,0.625000,0.125000,0.187500,0.062500
comp_430,30,9,3,6,0.625000,0.187500,0.062500,0.125000
comp_431,30,9,6,3,0.625000,0.187500,0.125000,0.062500
comp_432,30,12,3,3,0.625000,0.250000,0.062500,0.062500
comp_433,33,3,3,9,0.687500,0.062500,0.062500,0.187500
comp_434,33,3,6,6,0.687500,0.062500,0.125000,0.125000
comp_435,33,3,9,3,0.687500,0.062500,0.187500,0.062500
comp_436,33,6,3,6,0.687500,0.125000,0.062500,0.125000
comp_437,33,6,6,3,0.687500,0.125000,0.125000,0.062500
comp_438,33,9,3,3,0.687500,0.187500,0.062500,0.062500
